SET IDENTITY_INSERT blog.CommonCity ON 

INSERT INTO  blog.CommonCity (id,cityCode,cityName) VALUES (9,'01','基隆市');
INSERT INTO  blog.CommonCity (id,cityCode,cityName) VALUES (10,'02','臺北市');
INSERT INTO  blog.CommonCity (id,cityCode,cityName) VALUES (11,'03','新北市');
INSERT INTO  blog.CommonCity (id,cityCode,cityName) VALUES (12,'04','桃園市');
INSERT INTO  blog.CommonCity (id,cityCode,cityName) VALUES (13,'05','新竹市');
INSERT INTO  blog.CommonCity (id,cityCode,cityName) VALUES (14,'06','新竹縣');
INSERT INTO  blog.CommonCity (id,cityCode,cityName) VALUES (15,'07','苗栗縣');
INSERT INTO  blog.CommonCity (id,cityCode,cityName) VALUES (16,'08','臺中市');
INSERT INTO  blog.CommonCity (id,cityCode,cityName) VALUES (17,'09','彰化縣');
INSERT INTO  blog.CommonCity (id,cityCode,cityName) VALUES (18,'10','南投縣');
INSERT INTO  blog.CommonCity (id,cityCode,cityName) VALUES (19,'11','雲林縣');
INSERT INTO  blog.CommonCity (id,cityCode,cityName) VALUES (20,'12','嘉義市');
INSERT INTO  blog.CommonCity (id,cityCode,cityName) VALUES (21,'13','嘉義縣');
INSERT INTO  blog.CommonCity (id,cityCode,cityName) VALUES (22,'14','臺南市');
INSERT INTO  blog.CommonCity (id,cityCode,cityName) VALUES (23,'15','高雄市');
INSERT INTO  blog.CommonCity (id,cityCode,cityName) VALUES (24,'16','屏東縣');
INSERT INTO  blog.CommonCity (id,cityCode,cityName) VALUES (25,'17','臺東縣');
INSERT INTO  blog.CommonCity (id,cityCode,cityName) VALUES (26,'18','花蓮縣');
INSERT INTO  blog.CommonCity (id,cityCode,cityName) VALUES (27,'19','宜蘭縣');
INSERT INTO  blog.CommonCity (id,cityCode,cityName) VALUES (28,'20','澎湖縣');
INSERT INTO  blog.CommonCity (id,cityCode,cityName) VALUES (29,'21','金門縣');
INSERT INTO  blog.CommonCity (id,cityCode,cityName) VALUES (30,'22','連江縣');

SET IDENTITY_INSERT blog.CommonCity OFF

INSERT INTO  blog.BoardType(typeName) values('旅遊');
INSERT INTO  blog.BoardType(typeName) values('美食');

INSERT INTO  blog.CommonArea (zipCode,areaName,commonCityId) VALUES ('540','南投市',18); 
INSERT INTO  blog.CommonArea (zipCode,areaName,commonCityId) VALUES ('552','集集鎮',18); 
INSERT INTO  blog.CommonArea (zipCode,areaName,commonCityId) VALUES ('545','埔里鎮',18); 
INSERT INTO  blog.CommonArea (zipCode,areaName,commonCityId) VALUES ('551','名間鄉',18); 
INSERT INTO  blog.CommonArea (zipCode,areaName,commonCityId) VALUES ('557','竹山鎮',18); 
INSERT INTO  blog.CommonArea (zipCode,areaName,commonCityId) VALUES ('542','草屯鎮',18); 
INSERT INTO  blog.CommonArea (zipCode,areaName,commonCityId) VALUES ('544','國姓鄉',18); 
INSERT INTO  blog.CommonArea (zipCode,areaName,commonCityId) VALUES ('558','鹿谷鄉',18); 
INSERT INTO  blog.CommonArea (zipCode,areaName,commonCityId) VALUES ('555','魚池鄉',18); 
INSERT INTO  blog.CommonArea (zipCode,areaName,commonCityId) VALUES ('541','中寮鄉',18); 
INSERT INTO  blog.CommonArea (zipCode,areaName,commonCityId) VALUES ('553','水里鄉',18); 
INSERT INTO  blog.CommonArea (zipCode,areaName,commonCityId) VALUES ('556','信義鄉',18); 
INSERT INTO  blog.CommonArea (zipCode,areaName,commonCityId) VALUES ('546','仁愛鄉',18); 
INSERT INTO  blog.CommonArea (zipCode,areaName,commonCityId) VALUES ('823','田寮區',23); 
INSERT INTO  blog.CommonArea (zipCode,areaName,commonCityId) VALUES ('846','杉林區',23); 
INSERT INTO  blog.CommonArea (zipCode,areaName,commonCityId) VALUES ('824','燕巢區',23); 
INSERT INTO  blog.CommonArea (zipCode,areaName,commonCityId) VALUES ('843','美濃區',23); 
INSERT INTO  blog.CommonArea (zipCode,areaName,commonCityId) VALUES ('849','那瑪夏區',23); 
INSERT INTO  blog.CommonArea (zipCode,areaName,commonCityId) VALUES ('813','左營區',23); 
INSERT INTO  blog.CommonArea (zipCode,areaName,commonCityId) VALUES ('832','林園區',23); 
INSERT INTO  blog.CommonArea (zipCode,areaName,commonCityId) VALUES ('842','旗山區',23); 
INSERT INTO  blog.CommonArea (zipCode,areaName,commonCityId) VALUES ('802','苓雅區',23); 
INSERT INTO  blog.CommonArea (zipCode,areaName,commonCityId) VALUES ('844','六龜區',23); 
INSERT INTO  blog.CommonArea (zipCode,areaName,commonCityId) VALUES ('803','鹽埕區',23); 
INSERT INTO  blog.CommonArea (zipCode,areaName,commonCityId) VALUES ('822','阿蓮區',23); 
INSERT INTO  blog.CommonArea (zipCode,areaName,commonCityId) VALUES ('840','大樹區',23); 
INSERT INTO  blog.CommonArea (zipCode,areaName,commonCityId) VALUES ('806','前鎮區',23); 
INSERT INTO  blog.CommonArea (zipCode,areaName,commonCityId) VALUES ('805','旗津區',23); 
INSERT INTO  blog.CommonArea (zipCode,areaName,commonCityId) VALUES ('801','前金區',23); 
INSERT INTO  blog.CommonArea (zipCode,areaName,commonCityId) VALUES ('825','橋頭區',23); 
INSERT INTO  blog.CommonArea (zipCode,areaName,commonCityId) VALUES ('804','鼓山區',23); 
INSERT INTO  blog.CommonArea (zipCode,areaName,commonCityId) VALUES ('831','大寮區',23); 
INSERT INTO  blog.CommonArea (zipCode,areaName,commonCityId) VALUES ('845','內門區',23); 
INSERT INTO  blog.CommonArea (zipCode,areaName,commonCityId) VALUES ('800','新興區',23); 
INSERT INTO  blog.CommonArea (zipCode,areaName,commonCityId) VALUES ('848','桃源區',23); 
INSERT INTO  blog.CommonArea (zipCode,areaName,commonCityId) VALUES ('812','小港區',23); 
INSERT INTO  blog.CommonArea (zipCode,areaName,commonCityId) VALUES ('829','湖內區',23); 
INSERT INTO  blog.CommonArea (zipCode,areaName,commonCityId) VALUES ('826','梓官區',23); 
INSERT INTO  blog.CommonArea (zipCode,areaName,commonCityId) VALUES ('807','三民區',23); 
INSERT INTO  blog.CommonArea (zipCode,areaName,commonCityId) VALUES ('828','永安區',23); 
INSERT INTO  blog.CommonArea (zipCode,areaName,commonCityId) VALUES ('814','仁武區',23); 
INSERT INTO  blog.CommonArea (zipCode,areaName,commonCityId) VALUES ('821','路竹區',23); 
INSERT INTO  blog.CommonArea (zipCode,areaName,commonCityId) VALUES ('851','茂林區',23); 
INSERT INTO  blog.CommonArea (zipCode,areaName,commonCityId) VALUES ('815','大社區',23); 
INSERT INTO  blog.CommonArea (zipCode,areaName,commonCityId) VALUES ('827','彌陀區',23); 
INSERT INTO  blog.CommonArea (zipCode,areaName,commonCityId) VALUES ('811','楠梓區',23); 
INSERT INTO  blog.CommonArea (zipCode,areaName,commonCityId) VALUES ('817','東沙群島',23); 
INSERT INTO  blog.CommonArea (zipCode,areaName,commonCityId) VALUES ('820','岡山區',23); 
INSERT INTO  blog.CommonArea (zipCode,areaName,commonCityId) VALUES ('847','甲仙區',23); 
INSERT INTO  blog.CommonArea (zipCode,areaName,commonCityId) VALUES ('830','鳳山區',23); 
INSERT INTO  blog.CommonArea (zipCode,areaName,commonCityId) VALUES ('819','南沙群島',23); 
INSERT INTO  blog.CommonArea (zipCode,areaName,commonCityId) VALUES ('852','茄萣區',23); 
INSERT INTO  blog.CommonArea (zipCode,areaName,commonCityId) VALUES ('833','鳥松區',23); 
INSERT INTO  blog.CommonArea (zipCode,areaName,commonCityId) VALUES ('896','烏坵鄉',29); 
INSERT INTO  blog.CommonArea (zipCode,areaName,commonCityId) VALUES ('894','烈嶼鄉',29); 
INSERT INTO  blog.CommonArea (zipCode,areaName,commonCityId) VALUES ('890','金沙鎮',29); 
INSERT INTO  blog.CommonArea (zipCode,areaName,commonCityId) VALUES ('891','金湖鎮',29); 
INSERT INTO  blog.CommonArea (zipCode,areaName,commonCityId) VALUES ('892','金寧鄉',29); 
INSERT INTO  blog.CommonArea (zipCode,areaName,commonCityId) VALUES ('893','金城鎮',29); 
INSERT INTO  blog.CommonArea (zipCode,areaName,commonCityId) VALUES ('335','大溪區',12); 
INSERT INTO  blog.CommonArea (zipCode,areaName,commonCityId) VALUES ('330','桃園區',12); 
INSERT INTO  blog.CommonArea (zipCode,areaName,commonCityId) VALUES ('325','龍潭區',12); 
INSERT INTO  blog.CommonArea (zipCode,areaName,commonCityId) VALUES ('333','龜山區',12); 
INSERT INTO  blog.CommonArea (zipCode,areaName,commonCityId) VALUES ('334','八德區',12); 
INSERT INTO  blog.CommonArea (zipCode,areaName,commonCityId) VALUES ('338','蘆竹區',12); 
INSERT INTO  blog.CommonArea (zipCode,areaName,commonCityId) VALUES ('327','新屋區',12); 
INSERT INTO  blog.CommonArea (zipCode,areaName,commonCityId) VALUES ('337','大園區',12); 
INSERT INTO  blog.CommonArea (zipCode,areaName,commonCityId) VALUES ('324','平鎮區',12); 
INSERT INTO  blog.CommonArea (zipCode,areaName,commonCityId) VALUES ('336','復興區',12); 
INSERT INTO  blog.CommonArea (zipCode,areaName,commonCityId) VALUES ('328','觀音區',12); 
INSERT INTO  blog.CommonArea (zipCode,areaName,commonCityId) VALUES ('320','中壢區',12); 
INSERT INTO  blog.CommonArea (zipCode,areaName,commonCityId) VALUES ('326','楊梅區',12); 
INSERT INTO  blog.CommonArea (zipCode,areaName,commonCityId) VALUES ('927','林邊鄉',24); 
INSERT INTO  blog.CommonArea (zipCode,areaName,commonCityId) VALUES ('928','東港鎮',24); 
INSERT INTO  blog.CommonArea (zipCode,areaName,commonCityId) VALUES ('943','獅子鄉',24); 
INSERT INTO  blog.CommonArea (zipCode,areaName,commonCityId) VALUES ('901','三地門鄉',24); 
INSERT INTO  blog.CommonArea (zipCode,areaName,commonCityId) VALUES ('926','南州鄉',24); 
INSERT INTO  blog.CommonArea (zipCode,areaName,commonCityId) VALUES ('947','滿州鄉',24); 
INSERT INTO  blog.CommonArea (zipCode,areaName,commonCityId) VALUES ('909','麟洛鄉',24); 
INSERT INTO  blog.CommonArea (zipCode,areaName,commonCityId) VALUES ('911','竹田鄉',24); 
INSERT INTO  blog.CommonArea (zipCode,areaName,commonCityId) VALUES ('920','潮州鎮',24); 
INSERT INTO  blog.CommonArea (zipCode,areaName,commonCityId) VALUES ('941','枋山鄉',24); 
INSERT INTO  blog.CommonArea (zipCode,areaName,commonCityId) VALUES ('904','九如鄉',24); 
INSERT INTO  blog.CommonArea (zipCode,areaName,commonCityId) VALUES ('946','恆春鎮',24); 
INSERT INTO  blog.CommonArea (zipCode,areaName,commonCityId) VALUES ('906','高樹鄉',24); 
INSERT INTO  blog.CommonArea (zipCode,areaName,commonCityId) VALUES ('908','長治鄉',24); 
INSERT INTO  blog.CommonArea (zipCode,areaName,commonCityId) VALUES ('925','新埤鄉',24); 
INSERT INTO  blog.CommonArea (zipCode,areaName,commonCityId) VALUES ('923','萬巒鄉',24); 
INSERT INTO  blog.CommonArea (zipCode,areaName,commonCityId) VALUES ('912','內埔鄉',24); 
INSERT INTO  blog.CommonArea (zipCode,areaName,commonCityId) VALUES ('931','佳冬鄉',24); 
INSERT INTO  blog.CommonArea (zipCode,areaName,commonCityId) VALUES ('942','春日鄉',24); 
INSERT INTO  blog.CommonArea (zipCode,areaName,commonCityId) VALUES ('913','萬丹鄉',24); 
INSERT INTO  blog.CommonArea (zipCode,areaName,commonCityId) VALUES ('944','車城鄉',24); 
INSERT INTO  blog.CommonArea (zipCode,areaName,commonCityId) VALUES ('945','牡丹鄉',24); 
INSERT INTO  blog.CommonArea (zipCode,areaName,commonCityId) VALUES ('900','屏東市',24); 
INSERT INTO  blog.CommonArea (zipCode,areaName,commonCityId) VALUES ('907','鹽埔鄉',24); 
INSERT INTO  blog.CommonArea (zipCode,areaName,commonCityId) VALUES ('929','琉球鄉',24); 
INSERT INTO  blog.CommonArea (zipCode,areaName,commonCityId) VALUES ('932','新園鄉',24); 
INSERT INTO  blog.CommonArea (zipCode,areaName,commonCityId) VALUES ('902','霧臺鄉',24); 
INSERT INTO  blog.CommonArea (zipCode,areaName,commonCityId) VALUES ('921','泰武鄉',24); 
INSERT INTO  blog.CommonArea (zipCode,areaName,commonCityId) VALUES ('940','枋寮鄉',24); 
INSERT INTO  blog.CommonArea (zipCode,areaName,commonCityId) VALUES ('905','里港鄉',24); 
INSERT INTO  blog.CommonArea (zipCode,areaName,commonCityId) VALUES ('924','崁頂鄉',24); 
INSERT INTO  blog.CommonArea (zipCode,areaName,commonCityId) VALUES ('922','來義鄉',24); 
INSERT INTO  blog.CommonArea (zipCode,areaName,commonCityId) VALUES ('903','瑪家鄉',24); 
INSERT INTO  blog.CommonArea (zipCode,areaName,commonCityId) VALUES ('206','七堵區',9); 
INSERT INTO  blog.CommonArea (zipCode,areaName,commonCityId) VALUES ('201','信義區',9); 
INSERT INTO  blog.CommonArea (zipCode,areaName,commonCityId) VALUES ('204','安樂區',9); 
INSERT INTO  blog.CommonArea (zipCode,areaName,commonCityId) VALUES ('200','仁愛區',9); 
INSERT INTO  blog.CommonArea (zipCode,areaName,commonCityId) VALUES ('202','中正區',9); 
INSERT INTO  blog.CommonArea (zipCode,areaName,commonCityId) VALUES ('203','中山區',9); 
INSERT INTO  blog.CommonArea (zipCode,areaName,commonCityId) VALUES ('205','暖暖區',9); 
INSERT INTO  blog.CommonArea (zipCode,areaName,commonCityId) VALUES ('882','望安鄉',28); 
INSERT INTO  blog.CommonArea (zipCode,areaName,commonCityId) VALUES ('884','白沙鄉',28); 
INSERT INTO  blog.CommonArea (zipCode,areaName,commonCityId) VALUES ('880','馬公市',28); 
INSERT INTO  blog.CommonArea (zipCode,areaName,commonCityId) VALUES ('883','七美鄉',28); 
INSERT INTO  blog.CommonArea (zipCode,areaName,commonCityId) VALUES ('881','西嶼鄉',28); 
INSERT INTO  blog.CommonArea (zipCode,areaName,commonCityId) VALUES ('885','湖西鄉',28); 
INSERT INTO  blog.CommonArea (zipCode,areaName,commonCityId) VALUES ('512','永靖鄉',17); 
INSERT INTO  blog.CommonArea (zipCode,areaName,commonCityId) VALUES ('504','秀水鄉',17); 
INSERT INTO  blog.CommonArea (zipCode,areaName,commonCityId) VALUES ('509','伸港鄉',17); 
INSERT INTO  blog.CommonArea (zipCode,areaName,commonCityId) VALUES ('506','福興鄉',17); 
INSERT INTO  blog.CommonArea (zipCode,areaName,commonCityId) VALUES ('521','北斗鎮',17); 
INSERT INTO  blog.CommonArea (zipCode,areaName,commonCityId) VALUES ('520','田中鎮',17); 
INSERT INTO  blog.CommonArea (zipCode,areaName,commonCityId) VALUES ('530','二水鄉',17); 
INSERT INTO  blog.CommonArea (zipCode,areaName,commonCityId) VALUES ('502','芬園鄉',17); 
INSERT INTO  blog.CommonArea (zipCode,areaName,commonCityId) VALUES ('516','埔鹽鄉',17); 
INSERT INTO  blog.CommonArea (zipCode,areaName,commonCityId) VALUES ('511','社頭鄉',17); 
INSERT INTO  blog.CommonArea (zipCode,areaName,commonCityId) VALUES ('508','和美鎮',17); 
INSERT INTO  blog.CommonArea (zipCode,areaName,commonCityId) VALUES ('515','大村鄉',17); 
INSERT INTO  blog.CommonArea (zipCode,areaName,commonCityId) VALUES ('503','花壇鄉',17); 
INSERT INTO  blog.CommonArea (zipCode,areaName,commonCityId) VALUES ('510','員林市',17); 
INSERT INTO  blog.CommonArea (zipCode,areaName,commonCityId) VALUES ('500','彰化市',17); 
INSERT INTO  blog.CommonArea (zipCode,areaName,commonCityId) VALUES ('507','線西鄉',17); 
INSERT INTO  blog.CommonArea (zipCode,areaName,commonCityId) VALUES ('513','埔心鄉',17); 
INSERT INTO  blog.CommonArea (zipCode,areaName,commonCityId) VALUES ('514','溪湖鎮',17); 
INSERT INTO  blog.CommonArea (zipCode,areaName,commonCityId) VALUES ('526','二林鎮',17); 
INSERT INTO  blog.CommonArea (zipCode,areaName,commonCityId) VALUES ('528','芳苑鄉',17); 
INSERT INTO  blog.CommonArea (zipCode,areaName,commonCityId) VALUES ('525','竹塘鄉',17); 
INSERT INTO  blog.CommonArea (zipCode,areaName,commonCityId) VALUES ('522','田尾鄉',17); 
INSERT INTO  blog.CommonArea (zipCode,areaName,commonCityId) VALUES ('527','大城鄉',17); 
INSERT INTO  blog.CommonArea (zipCode,areaName,commonCityId) VALUES ('523','埤頭鄉',17); 
INSERT INTO  blog.CommonArea (zipCode,areaName,commonCityId) VALUES ('505','鹿港鎮',17); 
INSERT INTO  blog.CommonArea (zipCode,areaName,commonCityId) VALUES ('524','溪州鄉',17); 
INSERT INTO  blog.CommonArea (zipCode,areaName,commonCityId) VALUES ('212','東引鄉',30); 
INSERT INTO  blog.CommonArea (zipCode,areaName,commonCityId) VALUES ('210','北竿鄉',30); 
INSERT INTO  blog.CommonArea (zipCode,areaName,commonCityId) VALUES ('209','南竿鄉',30); 
INSERT INTO  blog.CommonArea (zipCode,areaName,commonCityId) VALUES ('211','莒光鄉',30); 
INSERT INTO  blog.CommonArea (zipCode,areaName,commonCityId) VALUES ('600','西區',20); 
INSERT INTO  blog.CommonArea (zipCode,areaName,commonCityId) VALUES ('600','東區',20); 
INSERT INTO  blog.CommonArea (zipCode,areaName,commonCityId) VALUES ('616','新港鄉',21); 
INSERT INTO  blog.CommonArea (zipCode,areaName,commonCityId) VALUES ('615','六腳鄉',21); 
INSERT INTO  blog.CommonArea (zipCode,areaName,commonCityId) VALUES ('607','大埔鄉',21); 
INSERT INTO  blog.CommonArea (zipCode,areaName,commonCityId) VALUES ('622','大林鎮',21); 
INSERT INTO  blog.CommonArea (zipCode,areaName,commonCityId) VALUES ('613','朴子市',21); 
INSERT INTO  blog.CommonArea (zipCode,areaName,commonCityId) VALUES ('603','梅山鄉',21); 
INSERT INTO  blog.CommonArea (zipCode,areaName,commonCityId) VALUES ('604','竹崎鄉',21); 
INSERT INTO  blog.CommonArea (zipCode,areaName,commonCityId) VALUES ('602','番路鄉',21); 
INSERT INTO  blog.CommonArea (zipCode,areaName,commonCityId) VALUES ('606','中埔鄉',21); 
INSERT INTO  blog.CommonArea (zipCode,areaName,commonCityId) VALUES ('608','水上鄉',21); 
INSERT INTO  blog.CommonArea (zipCode,areaName,commonCityId) VALUES ('614','東石鄉',21); 
INSERT INTO  blog.CommonArea (zipCode,areaName,commonCityId) VALUES ('625','布袋鎮',21); 
INSERT INTO  blog.CommonArea (zipCode,areaName,commonCityId) VALUES ('612','太保市',21); 
INSERT INTO  blog.CommonArea (zipCode,areaName,commonCityId) VALUES ('624','義竹鄉',21); 
INSERT INTO  blog.CommonArea (zipCode,areaName,commonCityId) VALUES ('623','溪口鄉',21); 
INSERT INTO  blog.CommonArea (zipCode,areaName,commonCityId) VALUES ('611','鹿草鄉',21); 
INSERT INTO  blog.CommonArea (zipCode,areaName,commonCityId) VALUES ('605','阿里山鄉',21); 
INSERT INTO  blog.CommonArea (zipCode,areaName,commonCityId) VALUES ('621','民雄鄉',21); 
INSERT INTO  blog.CommonArea (zipCode,areaName,commonCityId) VALUES ('236','土城區',11); 
INSERT INTO  blog.CommonArea (zipCode,areaName,commonCityId) VALUES ('251','淡水區',11); 
INSERT INTO  blog.CommonArea (zipCode,areaName,commonCityId) VALUES ('220','板橋區',11); 
INSERT INTO  blog.CommonArea (zipCode,areaName,commonCityId) VALUES ('234','永和區',11); 
INSERT INTO  blog.CommonArea (zipCode,areaName,commonCityId) VALUES ('221','汐止區',11); 
INSERT INTO  blog.CommonArea (zipCode,areaName,commonCityId) VALUES ('224','瑞芳區',11); 
INSERT INTO  blog.CommonArea (zipCode,areaName,commonCityId) VALUES ('247','蘆洲區',11); 
INSERT INTO  blog.CommonArea (zipCode,areaName,commonCityId) VALUES ('235','中和區',11); 
INSERT INTO  blog.CommonArea (zipCode,areaName,commonCityId) VALUES ('238','樹林區',11); 
INSERT INTO  blog.CommonArea (zipCode,areaName,commonCityId) VALUES ('244','林口區',11); 
INSERT INTO  blog.CommonArea (zipCode,areaName,commonCityId) VALUES ('237','三峽區',11); 
INSERT INTO  blog.CommonArea (zipCode,areaName,commonCityId) VALUES ('249','八里區',11); 
INSERT INTO  blog.CommonArea (zipCode,areaName,commonCityId) VALUES ('223','石碇區',11); 
INSERT INTO  blog.CommonArea (zipCode,areaName,commonCityId) VALUES ('207','萬里區',11); 
INSERT INTO  blog.CommonArea (zipCode,areaName,commonCityId) VALUES ('248','五股區',11); 
INSERT INTO  blog.CommonArea (zipCode,areaName,commonCityId) VALUES ('232','坪林區',11); 
INSERT INTO  blog.CommonArea (zipCode,areaName,commonCityId) VALUES ('222','深坑區',11); 
INSERT INTO  blog.CommonArea (zipCode,areaName,commonCityId) VALUES ('253','石門區',11); 
INSERT INTO  blog.CommonArea (zipCode,areaName,commonCityId) VALUES ('241','三重區',11); 
INSERT INTO  blog.CommonArea (zipCode,areaName,commonCityId) VALUES ('248','新莊區',11); 
INSERT INTO  blog.CommonArea (zipCode,areaName,commonCityId) VALUES ('227','雙溪區',11); 
INSERT INTO  blog.CommonArea (zipCode,areaName,commonCityId) VALUES ('208','金山區',11); 
INSERT INTO  blog.CommonArea (zipCode,areaName,commonCityId) VALUES ('228','貢寮區',11); 
INSERT INTO  blog.CommonArea (zipCode,areaName,commonCityId) VALUES ('231','新店區',11); 
INSERT INTO  blog.CommonArea (zipCode,areaName,commonCityId) VALUES ('233','烏來區',11); 
INSERT INTO  blog.CommonArea (zipCode,areaName,commonCityId) VALUES ('226','平溪區',11); 
INSERT INTO  blog.CommonArea (zipCode,areaName,commonCityId) VALUES ('252','三芝區',11); 
INSERT INTO  blog.CommonArea (zipCode,areaName,commonCityId) VALUES ('243','泰山區',11); 
INSERT INTO  blog.CommonArea (zipCode,areaName,commonCityId) VALUES ('239','鶯歌區',11); 
INSERT INTO  blog.CommonArea (zipCode,areaName,commonCityId) VALUES ('300','東區',13); 
INSERT INTO  blog.CommonArea (zipCode,areaName,commonCityId) VALUES ('300','北區',13); 
INSERT INTO  blog.CommonArea (zipCode,areaName,commonCityId) VALUES ('300','香山區',13); 
INSERT INTO  blog.CommonArea (zipCode,areaName,commonCityId) VALUES ('103','大同區',10); 
INSERT INTO  blog.CommonArea (zipCode,areaName,commonCityId) VALUES ('110','信義區',10); 
INSERT INTO  blog.CommonArea (zipCode,areaName,commonCityId) VALUES ('106','大安區',10); 
INSERT INTO  blog.CommonArea (zipCode,areaName,commonCityId) VALUES ('112','北投區',10); 
INSERT INTO  blog.CommonArea (zipCode,areaName,commonCityId) VALUES ('100','中正區',10); 
INSERT INTO  blog.CommonArea (zipCode,areaName,commonCityId) VALUES ('104','中山區',10); 
INSERT INTO  blog.CommonArea (zipCode,areaName,commonCityId) VALUES ('105','松山區',10); 
INSERT INTO  blog.CommonArea (zipCode,areaName,commonCityId) VALUES ('108','萬華區',10); 
INSERT INTO  blog.CommonArea (zipCode,areaName,commonCityId) VALUES ('111','士林區',10); 
INSERT INTO  blog.CommonArea (zipCode,areaName,commonCityId) VALUES ('114','內湖區',10); 
INSERT INTO  blog.CommonArea (zipCode,areaName,commonCityId) VALUES ('115','南港區',10); 
INSERT INTO  blog.CommonArea (zipCode,areaName,commonCityId) VALUES ('116','文山區',10); 
INSERT INTO  blog.CommonArea (zipCode,areaName,commonCityId) VALUES ('716','南化區',22); 
INSERT INTO  blog.CommonArea (zipCode,areaName,commonCityId) VALUES ('702','南區',22); 
INSERT INTO  blog.CommonArea (zipCode,areaName,commonCityId) VALUES ('704','北區',22); 
INSERT INTO  blog.CommonArea (zipCode,areaName,commonCityId) VALUES ('710','永康區',22); 
INSERT INTO  blog.CommonArea (zipCode,areaName,commonCityId) VALUES ('743','山上區',22); 
INSERT INTO  blog.CommonArea (zipCode,areaName,commonCityId) VALUES ('711','歸仁區',22); 
INSERT INTO  blog.CommonArea (zipCode,areaName,commonCityId) VALUES ('713','左鎮區',22); 
INSERT INTO  blog.CommonArea (zipCode,areaName,commonCityId) VALUES ('745','安定區',22); 
INSERT INTO  blog.CommonArea (zipCode,areaName,commonCityId) VALUES ('720','官田區',22); 
INSERT INTO  blog.CommonArea (zipCode,areaName,commonCityId) VALUES ('721','麻豆區',22); 
INSERT INTO  blog.CommonArea (zipCode,areaName,commonCityId) VALUES ('712','新化區',22); 
INSERT INTO  blog.CommonArea (zipCode,areaName,commonCityId) VALUES ('708','安平區',22); 
INSERT INTO  blog.CommonArea (zipCode,areaName,commonCityId) VALUES ('717','仁德區',22); 
INSERT INTO  blog.CommonArea (zipCode,areaName,commonCityId) VALUES ('731','後壁區',22); 
INSERT INTO  blog.CommonArea (zipCode,areaName,commonCityId) VALUES ('722','佳里區',22); 
INSERT INTO  blog.CommonArea (zipCode,areaName,commonCityId) VALUES ('715','楠西區',22); 
INSERT INTO  blog.CommonArea (zipCode,areaName,commonCityId) VALUES ('719','龍崎區',22); 
INSERT INTO  blog.CommonArea (zipCode,areaName,commonCityId) VALUES ('727','北門區',22); 
INSERT INTO  blog.CommonArea (zipCode,areaName,commonCityId) VALUES ('732','白河區',22); 
INSERT INTO  blog.CommonArea (zipCode,areaName,commonCityId) VALUES ('736','柳營區',22); 
INSERT INTO  blog.CommonArea (zipCode,areaName,commonCityId) VALUES ('723','西港區',22); 
INSERT INTO  blog.CommonArea (zipCode,areaName,commonCityId) VALUES ('701','東區',22); 
INSERT INTO  blog.CommonArea (zipCode,areaName,commonCityId) VALUES ('718','關廟區',22); 
INSERT INTO  blog.CommonArea (zipCode,areaName,commonCityId) VALUES ('726','學甲區',22); 
INSERT INTO  blog.CommonArea (zipCode,areaName,commonCityId) VALUES ('741','善化區',22); 
INSERT INTO  blog.CommonArea (zipCode,areaName,commonCityId) VALUES ('744','新市區',22); 
INSERT INTO  blog.CommonArea (zipCode,areaName,commonCityId) VALUES ('737','鹽水區',22); 
INSERT INTO  blog.CommonArea (zipCode,areaName,commonCityId) VALUES ('714','玉井區',22); 
INSERT INTO  blog.CommonArea (zipCode,areaName,commonCityId) VALUES ('733','東山區',22); 
INSERT INTO  blog.CommonArea (zipCode,areaName,commonCityId) VALUES ('709','安南區',22); 
INSERT INTO  blog.CommonArea (zipCode,areaName,commonCityId) VALUES ('725','將軍區',22); 
INSERT INTO  blog.CommonArea (zipCode,areaName,commonCityId) VALUES ('724','七股區',22); 
INSERT INTO  blog.CommonArea (zipCode,areaName,commonCityId) VALUES ('700','中西區',22); 
INSERT INTO  blog.CommonArea (zipCode,areaName,commonCityId) VALUES ('742','大內區',22); 
INSERT INTO  blog.CommonArea (zipCode,areaName,commonCityId) VALUES ('730','新營區',22); 
INSERT INTO  blog.CommonArea (zipCode,areaName,commonCityId) VALUES ('734','六甲區',22); 
INSERT INTO  blog.CommonArea (zipCode,areaName,commonCityId) VALUES ('735','下營區',22); 
INSERT INTO  blog.CommonArea (zipCode,areaName,commonCityId) VALUES ('305','新埔鎮',14); 
INSERT INTO  blog.CommonArea (zipCode,areaName,commonCityId) VALUES ('315','峨眉鄉',14); 
INSERT INTO  blog.CommonArea (zipCode,areaName,commonCityId) VALUES ('313','尖石鄉',14); 
INSERT INTO  blog.CommonArea (zipCode,areaName,commonCityId) VALUES ('304','新豐鄉',14); 
INSERT INTO  blog.CommonArea (zipCode,areaName,commonCityId) VALUES ('306','關西鎮',14); 
INSERT INTO  blog.CommonArea (zipCode,areaName,commonCityId) VALUES ('308','寶山鄉',14); 
INSERT INTO  blog.CommonArea (zipCode,areaName,commonCityId) VALUES ('310','竹東鎮',14); 
INSERT INTO  blog.CommonArea (zipCode,areaName,commonCityId) VALUES ('314','北埔鄉',14); 
INSERT INTO  blog.CommonArea (zipCode,areaName,commonCityId) VALUES ('303','湖口鄉',14); 
INSERT INTO  blog.CommonArea (zipCode,areaName,commonCityId) VALUES ('307','芎林鄉',14); 
INSERT INTO  blog.CommonArea (zipCode,areaName,commonCityId) VALUES ('312','橫山鄉',14); 
INSERT INTO  blog.CommonArea (zipCode,areaName,commonCityId) VALUES ('302','竹北市',14); 
INSERT INTO  blog.CommonArea (zipCode,areaName,commonCityId) VALUES ('311','五峰鄉',14); 
INSERT INTO  blog.CommonArea (zipCode,areaName,commonCityId) VALUES ('954','卑南鄉',25); 
INSERT INTO  blog.CommonArea (zipCode,areaName,commonCityId) VALUES ('963','太麻里鄉',25); 
INSERT INTO  blog.CommonArea (zipCode,areaName,commonCityId) VALUES ('961','成功鎮',25); 
INSERT INTO  blog.CommonArea (zipCode,areaName,commonCityId) VALUES ('964','金峰鄉',25); 
INSERT INTO  blog.CommonArea (zipCode,areaName,commonCityId) VALUES ('956','關山鎮',25); 
INSERT INTO  blog.CommonArea (zipCode,areaName,commonCityId) VALUES ('951','綠島鄉',25); 
INSERT INTO  blog.CommonArea (zipCode,areaName,commonCityId) VALUES ('962','長濱鄉',25); 
INSERT INTO  blog.CommonArea (zipCode,areaName,commonCityId) VALUES ('959','東河鄉',25); 
INSERT INTO  blog.CommonArea (zipCode,areaName,commonCityId) VALUES ('965','大武鄉',25); 
INSERT INTO  blog.CommonArea (zipCode,areaName,commonCityId) VALUES ('952','蘭嶼鄉',25); 
INSERT INTO  blog.CommonArea (zipCode,areaName,commonCityId) VALUES ('957','海端鄉',25); 
INSERT INTO  blog.CommonArea (zipCode,areaName,commonCityId) VALUES ('966','達仁鄉',25); 
INSERT INTO  blog.CommonArea (zipCode,areaName,commonCityId) VALUES ('953','延平鄉',25); 
INSERT INTO  blog.CommonArea (zipCode,areaName,commonCityId) VALUES ('950','臺東市',25); 
INSERT INTO  blog.CommonArea (zipCode,areaName,commonCityId) VALUES ('955','鹿野鄉',25); 
INSERT INTO  blog.CommonArea (zipCode,areaName,commonCityId) VALUES ('958','池上鄉',25); 
INSERT INTO  blog.CommonArea (zipCode,areaName,commonCityId) VALUES ('266','三星鄉',27); 
INSERT INTO  blog.CommonArea (zipCode,areaName,commonCityId) VALUES ('270','蘇澳鎮',27); 
INSERT INTO  blog.CommonArea (zipCode,areaName,commonCityId) VALUES ('265','羅東鎮',27); 
INSERT INTO  blog.CommonArea (zipCode,areaName,commonCityId) VALUES ('261','頭城鎮',27); 
INSERT INTO  blog.CommonArea (zipCode,areaName,commonCityId) VALUES ('272','南澳鄉',27); 
INSERT INTO  blog.CommonArea (zipCode,areaName,commonCityId) VALUES ('263','壯圍鄉',27); 
INSERT INTO  blog.CommonArea (zipCode,areaName,commonCityId) VALUES ('264','員山鄉',27); 
INSERT INTO  blog.CommonArea (zipCode,areaName,commonCityId) VALUES ('262','礁溪鄉',27); 
INSERT INTO  blog.CommonArea (zipCode,areaName,commonCityId) VALUES ('290','釣魚臺',27); 
INSERT INTO  blog.CommonArea (zipCode,areaName,commonCityId) VALUES ('260','宜蘭市',27); 
INSERT INTO  blog.CommonArea (zipCode,areaName,commonCityId) VALUES ('269','冬山鄉',27); 
INSERT INTO  blog.CommonArea (zipCode,areaName,commonCityId) VALUES ('268','五結鄉',27); 
INSERT INTO  blog.CommonArea (zipCode,areaName,commonCityId) VALUES ('267','大同鄉',27); 
INSERT INTO  blog.CommonArea (zipCode,areaName,commonCityId) VALUES ('368','西湖鄉',15); 
INSERT INTO  blog.CommonArea (zipCode,areaName,commonCityId) VALUES ('358','苑裡鎮',15); 
INSERT INTO  blog.CommonArea (zipCode,areaName,commonCityId) VALUES ('364','大湖鄉',15); 
INSERT INTO  blog.CommonArea (zipCode,areaName,commonCityId) VALUES ('350','竹南鎮',15); 
INSERT INTO  blog.CommonArea (zipCode,areaName,commonCityId) VALUES ('363','公館鄉',15); 
INSERT INTO  blog.CommonArea (zipCode,areaName,commonCityId) VALUES ('366','銅鑼鄉',15); 
INSERT INTO  blog.CommonArea (zipCode,areaName,commonCityId) VALUES ('357','通霄鎮',15); 
INSERT INTO  blog.CommonArea (zipCode,areaName,commonCityId) VALUES ('362','頭屋鄉',15); 
INSERT INTO  blog.CommonArea (zipCode,areaName,commonCityId) VALUES ('361','造橋鄉',15); 
INSERT INTO  blog.CommonArea (zipCode,areaName,commonCityId) VALUES ('365','泰安鄉',15); 
INSERT INTO  blog.CommonArea (zipCode,areaName,commonCityId) VALUES ('351','頭份市',15); 
INSERT INTO  blog.CommonArea (zipCode,areaName,commonCityId) VALUES ('356','後龍鎮',15); 
INSERT INTO  blog.CommonArea (zipCode,areaName,commonCityId) VALUES ('353','南庄鄉',15); 
INSERT INTO  blog.CommonArea (zipCode,areaName,commonCityId) VALUES ('360','苗栗市',15); 
INSERT INTO  blog.CommonArea (zipCode,areaName,commonCityId) VALUES ('352','三灣鄉',15); 
INSERT INTO  blog.CommonArea (zipCode,areaName,commonCityId) VALUES ('367','三義鄉',15); 
INSERT INTO  blog.CommonArea (zipCode,areaName,commonCityId) VALUES ('369','卓蘭鎮',15); 
INSERT INTO  blog.CommonArea (zipCode,areaName,commonCityId) VALUES ('354','獅潭鄉',15); 
INSERT INTO  blog.CommonArea (zipCode,areaName,commonCityId) VALUES ('647','莿桐鄉',19); 
INSERT INTO  blog.CommonArea (zipCode,areaName,commonCityId) VALUES ('652','水林鄉',19); 
INSERT INTO  blog.CommonArea (zipCode,areaName,commonCityId) VALUES ('630','斗南鎮',19); 
INSERT INTO  blog.CommonArea (zipCode,areaName,commonCityId) VALUES ('648','西螺鎮',19); 
INSERT INTO  blog.CommonArea (zipCode,areaName,commonCityId) VALUES ('640','斗六市',19); 
INSERT INTO  blog.CommonArea (zipCode,areaName,commonCityId) VALUES ('649','二崙鄉',19); 
INSERT INTO  blog.CommonArea (zipCode,areaName,commonCityId) VALUES ('633','土庫鎮',19); 
INSERT INTO  blog.CommonArea (zipCode,areaName,commonCityId) VALUES ('651','北港鎮',19); 
INSERT INTO  blog.CommonArea (zipCode,areaName,commonCityId) VALUES ('631','大埤鄉',19); 
INSERT INTO  blog.CommonArea (zipCode,areaName,commonCityId) VALUES ('634','褒忠鄉',19); 
INSERT INTO  blog.CommonArea (zipCode,areaName,commonCityId) VALUES ('635','東勢鄉',19); 
INSERT INTO  blog.CommonArea (zipCode,areaName,commonCityId) VALUES ('643','林內鄉',19); 
INSERT INTO  blog.CommonArea (zipCode,areaName,commonCityId) VALUES ('655','元長鄉',19); 
INSERT INTO  blog.CommonArea (zipCode,areaName,commonCityId) VALUES ('646','古坑鄉',19); 
INSERT INTO  blog.CommonArea (zipCode,areaName,commonCityId) VALUES ('637','崙背鄉',19); 
INSERT INTO  blog.CommonArea (zipCode,areaName,commonCityId) VALUES ('632','虎尾鎮',19); 
INSERT INTO  blog.CommonArea (zipCode,areaName,commonCityId) VALUES ('636','臺西鄉',19); 
INSERT INTO  blog.CommonArea (zipCode,areaName,commonCityId) VALUES ('654','四湖鄉',19); 
INSERT INTO  blog.CommonArea (zipCode,areaName,commonCityId) VALUES ('653','口湖鄉',19); 
INSERT INTO  blog.CommonArea (zipCode,areaName,commonCityId) VALUES ('638','麥寮鄉',19); 
INSERT INTO  blog.CommonArea (zipCode,areaName,commonCityId) VALUES ('971','新城鄉',26); 
INSERT INTO  blog.CommonArea (zipCode,areaName,commonCityId) VALUES ('983','富里鄉',26); 
INSERT INTO  blog.CommonArea (zipCode,areaName,commonCityId) VALUES ('972','秀林鄉',26); 
INSERT INTO  blog.CommonArea (zipCode,areaName,commonCityId) VALUES ('981','玉里鎮',26); 
INSERT INTO  blog.CommonArea (zipCode,areaName,commonCityId) VALUES ('974','壽豐鄉',26); 
INSERT INTO  blog.CommonArea (zipCode,areaName,commonCityId) VALUES ('973','吉安鄉',26); 
INSERT INTO  blog.CommonArea (zipCode,areaName,commonCityId) VALUES ('975','鳳林鎮',26); 
INSERT INTO  blog.CommonArea (zipCode,areaName,commonCityId) VALUES ('976','光復鄉',26); 
INSERT INTO  blog.CommonArea (zipCode,areaName,commonCityId) VALUES ('977','豐濱鄉',26); 
INSERT INTO  blog.CommonArea (zipCode,areaName,commonCityId) VALUES ('978','瑞穗鄉',26); 
INSERT INTO  blog.CommonArea (zipCode,areaName,commonCityId) VALUES ('982','卓溪鄉',26); 
INSERT INTO  blog.CommonArea (zipCode,areaName,commonCityId) VALUES ('979','萬榮鄉',26); 
INSERT INTO  blog.CommonArea (zipCode,areaName,commonCityId) VALUES ('970','花蓮市',26); 
INSERT INTO  blog.CommonArea (zipCode,areaName,commonCityId) VALUES ('423','東勢區',16); 
INSERT INTO  blog.CommonArea (zipCode,areaName,commonCityId) VALUES ('402','南區',16); 
INSERT INTO  blog.CommonArea (zipCode,areaName,commonCityId) VALUES ('404','北區',16); 
INSERT INTO  blog.CommonArea (zipCode,areaName,commonCityId) VALUES ('420','豐原區',16); 
INSERT INTO  blog.CommonArea (zipCode,areaName,commonCityId) VALUES ('406','北屯區',16); 
INSERT INTO  blog.CommonArea (zipCode,areaName,commonCityId) VALUES ('408','南屯區',16); 
INSERT INTO  blog.CommonArea (zipCode,areaName,commonCityId) VALUES ('411','太平區',16); 
INSERT INTO  blog.CommonArea (zipCode,areaName,commonCityId) VALUES ('429','神岡區',16); 
INSERT INTO  blog.CommonArea (zipCode,areaName,commonCityId) VALUES ('421','后里區',16); 
INSERT INTO  blog.CommonArea (zipCode,areaName,commonCityId) VALUES ('433','沙鹿區',16); 
INSERT INTO  blog.CommonArea (zipCode,areaName,commonCityId) VALUES ('432','大肚區',16); 
INSERT INTO  blog.CommonArea (zipCode,areaName,commonCityId) VALUES ('438','外埔區',16); 
INSERT INTO  blog.CommonArea (zipCode,areaName,commonCityId) VALUES ('435','梧棲區',16); 
INSERT INTO  blog.CommonArea (zipCode,areaName,commonCityId) VALUES ('401','東區',16); 
INSERT INTO  blog.CommonArea (zipCode,areaName,commonCityId) VALUES ('428','大雅區',16); 
INSERT INTO  blog.CommonArea (zipCode,areaName,commonCityId) VALUES ('439','大安區',16); 
INSERT INTO  blog.CommonArea (zipCode,areaName,commonCityId) VALUES ('437','大甲區',16); 
INSERT INTO  blog.CommonArea (zipCode,areaName,commonCityId) VALUES ('424','和平區',16); 
INSERT INTO  blog.CommonArea (zipCode,areaName,commonCityId) VALUES ('427','潭子區',16); 
INSERT INTO  blog.CommonArea (zipCode,areaName,commonCityId) VALUES ('403','西區',16); 
INSERT INTO  blog.CommonArea (zipCode,areaName,commonCityId) VALUES ('413','霧峰區',16); 
INSERT INTO  blog.CommonArea (zipCode,areaName,commonCityId) VALUES ('434','龍井區',16); 
INSERT INTO  blog.CommonArea (zipCode,areaName,commonCityId) VALUES ('400','中區',16); 
INSERT INTO  blog.CommonArea (zipCode,areaName,commonCityId) VALUES ('412','大里區',16); 
INSERT INTO  blog.CommonArea (zipCode,areaName,commonCityId) VALUES ('436','清水區',16); 
INSERT INTO  blog.CommonArea (zipCode,areaName,commonCityId) VALUES ('414','烏日區',16); 
INSERT INTO  blog.CommonArea (zipCode,areaName,commonCityId) VALUES ('426','新社區',16); 
INSERT INTO  blog.CommonArea (zipCode,areaName,commonCityId) VALUES ('407','西屯區',16); 
INSERT INTO  blog.CommonArea (zipCode,areaName,commonCityId) VALUES ('422','石岡區',16);